{
  "name": "Y9 Racers 22",
  "id": "a89cfbdd-7a34-400b-b40b-2db0cf24a216",
  "children": [
    {
      "id": "3debcf90-bb46-472c-addb-b127e5fa1167",
      "name": "Home page",
      "guide": "c01.md",
      "py": "c01.py",
      "isExample": true,
      "bookMainUrl": "edit://edit/book.json",
      "tests": [
        {
          "comment": "tests ignored if isExample is true",
          "in": "blue",
          "out": ".*I also like blue"
        },
        { "in": "red", "out": ".*I also like red" }
      ]
    },
    {
      "id": "b40ed7fe-2a48-4eee-b652-8ec560851438",
      "name": "AP",
      "tests": [],
      "py": "b40ed7fe-2a48-4eee-b652-8ec560851438.py",
      "guide": "b40ed7fe-2a48-4eee-b652-8ec560851438.md"
    },
    {
      "id": "371c7082-a9cd-425e-8f81-251e2752e347",
      "name": "AK",
      "tests": [],
      "py": "371c7082-a9cd-425e-8f81-251e2752e347.py",
      "guide": "371c7082-a9cd-425e-8f81-251e2752e347.md"
    },
    {
      "id": "8dd1d1a6-0c05-48c1-83e9-b6084057166b",
      "name": "AM",
      "tests": [],
      "py": "8dd1d1a6-0c05-48c1-83e9-b6084057166b.py",
      "guide": "8dd1d1a6-0c05-48c1-83e9-b6084057166b.md"
    },
    {
      "id": "a5366b9d-feed-44fe-b56e-ec7e2e6da68e",
      "name": "AP2",
      "tests": [],
      "py": "a5366b9d-feed-44fe-b56e-ec7e2e6da68e.py",
      "guide": "a5366b9d-feed-44fe-b56e-ec7e2e6da68e.md"
    },
    {
      "id": "3a87e160-46dc-4724-952b-d81a4f3a2d3c",
      "name": "CCZG",
      "tests": [],
      "py": "3a87e160-46dc-4724-952b-d81a4f3a2d3c.py",
      "guide": "3a87e160-46dc-4724-952b-d81a4f3a2d3c.md"
    },
    {
      "id": "2798cc9f-e122-426a-bbb7-9cde5fdaa307",
      "name": "CM",
      "tests": [],
      "py": "2798cc9f-e122-426a-bbb7-9cde5fdaa307.py",
      "guide": "2798cc9f-e122-426a-bbb7-9cde5fdaa307.md"
    },
    {
      "id": "b7025687-1717-4644-80bb-bc4a2a3cc18d",
      "name": "CW",
      "tests": [],
      "py": "b7025687-1717-4644-80bb-bc4a2a3cc18d.py",
      "guide": "b7025687-1717-4644-80bb-bc4a2a3cc18d.md"
    },
    {
      "id": "a68c27d9-06ef-46cf-9ffa-e27102688c67",
      "name": "FF",
      "tests": [],
      "py": "a68c27d9-06ef-46cf-9ffa-e27102688c67.py",
      "guide": "a68c27d9-06ef-46cf-9ffa-e27102688c67.md"
    },
    {
      "id": "c81c915b-d053-47a9-8c59-1deb9c4f5d8c",
      "name": "GH",
      "tests": [],
      "py": "c81c915b-d053-47a9-8c59-1deb9c4f5d8c.py",
      "guide": "c81c915b-d053-47a9-8c59-1deb9c4f5d8c.md"
    },
    {
      "id": "7069d4d1-bba3-4784-bdcf-a7bc2b4a4e0a",
      "name": "HM",
      "tests": [],
      "py": "7069d4d1-bba3-4784-bdcf-a7bc2b4a4e0a.py",
      "guide": "7069d4d1-bba3-4784-bdcf-a7bc2b4a4e0a.md"
    },
    {
      "id": "c5faf918-63b6-4c08-b2bc-c856f1be09f2",
      "name": "HDG",
      "tests": [],
      "py": "c5faf918-63b6-4c08-b2bc-c856f1be09f2.py",
      "guide": "c5faf918-63b6-4c08-b2bc-c856f1be09f2.md"
    },
    {
      "id": "58c9b504-2457-4e8c-98fc-b038debde55a",
      "name": "HB",
      "tests": [],
      "py": "58c9b504-2457-4e8c-98fc-b038debde55a.py",
      "guide": "58c9b504-2457-4e8c-98fc-b038debde55a.md"
    },
    {
      "id": "70b833fc-3a79-4531-a4bd-df5b136be2c6",
      "name": "JK",
      "tests": [],
      "py": "70b833fc-3a79-4531-a4bd-df5b136be2c6.py",
      "guide": "70b833fc-3a79-4531-a4bd-df5b136be2c6.md"
    },
    {
      "id": "1245070b-c7d4-4013-b49a-5ab3378b8933",
      "name": "ST",
      "tests": [],
      "py": "1245070b-c7d4-4013-b49a-5ab3378b8933.py",
      "guide": "1245070b-c7d4-4013-b49a-5ab3378b8933.md"
    },
    {
      "id": "f38b9ad5-88a2-42f7-8091-12cdae3d3919",
      "name": "TS",
      "tests": [],
      "py": "f38b9ad5-88a2-42f7-8091-12cdae3d3919.py",
      "guide": "f38b9ad5-88a2-42f7-8091-12cdae3d3919.md"
    },
    {
      "id": "45f60f20-ba96-402e-80cf-8b3bf551b16a",
      "name": "WW",
      "tests": [],
      "py": "45f60f20-ba96-402e-80cf-8b3bf551b16a.py",
      "guide": "45f60f20-ba96-402e-80cf-8b3bf551b16a.md"
    },
    {
      "id": "55fa1454-121b-43ff-a21d-bb3c9cba4b3e",
      "name": "WW2",
      "tests": [],
      "py": "55fa1454-121b-43ff-a21d-bb3c9cba4b3e.py",
      "guide": "55fa1454-121b-43ff-a21d-bb3c9cba4b3e.md"
    }
  ],
  "bookMainUrl": "edit://edit/book.json"
}
