{
  "name": "Y10 Lent AS Prelim Test",
  "id": "1f84104e-184b-4404-aa0b-712faba9742c",
  "children": [
    {
      "id": "3de463c3-1cf5-4c62-8eaf-b173a4fa7990",
      "name": "Prelim Copy 1",
      "guide": "c01.md",
      "py": "c01.py",
      "isExample": true,
      "additionalFiles": [
        {
          "filename": "SimulationData.txt",
          "visible": true
        }
      ]
    },
    {
      "id": "12064bdb-1bd9-42b3-90de-49635f82e9f2",
      "name": "Prelim Copy 2",
      "guide": "c02.md",
      "py": "c02.py",
      "isExample": true
    },
    {
      "id": "0b41de14-203a-4150-a86a-394ab6c3392d",
      "name": "Prelim Copy 3",
      "guide": "c03.md",
      "py": "c03.py",
      "isExample": true
    },
    {
      "id": "bd6ebc86-9ad0-47d4-85eb-2454583bfc02",
      "name": "Prelim Copy 4",
      "guide": "c04.md",
      "py": "c04.py",
      "isExample": true
    },
    {
      "id": "4639e3c6-0514-4b20-b8db-0b5b303001b7",
      "name": "Prelim Copy 5",
      "guide": "c05.md",
      "py": "c05.py",
      "isExample": true
    }
  ]
}