{"name":"EdExcel IGCSE Sample Assessment","id":"437e2d8e-6c5f-4b51-ac1f-17aedb4151a6","children":[{"id":"02efb081-8fe8-4d9b-84e9-787b1d3600c4","name":"Q1","guide":"c01.md","py":"c01.py","isExample":true,"tests":[],"isAssessment":false,"typ":"py","additionalFiles":[]},{"id":"6f231605-3cc4-488d-aac3-35b89b2da025","name":"Q1 solution","tests":[],"additionalFiles":[],"py":"c07.py","guide":"c07.md","isExample":true,"isAssessment":false,"typ":"py"},{"id":"0705b839-cc9e-44b6-9f62-3b00164a8405","name":"Q2","tests":[],"additionalFiles":[],"py":"c02.py","guide":"c02.md","isExample":true,"isAssessment":false,"typ":"py"},{"id":"e68117f6-3078-4540-9e39-0b10f21fbcde","name":"Q2 solution","tests":[],"additionalFiles":[],"py":"c08.py","guide":"c08.md","isExample":true,"isAssessment":false,"typ":"py"},{"id":"99740c3c-946f-4636-bb7b-8a91d24dadbe","name":"Q3a","tests":[],"additionalFiles":[],"py":"c13.py","guide":"c13.md","isExample":false,"isAssessment":false,"typ":"py"},{"id":"f6a60777-83f4-465f-bcc4-5030d024fef6","name":"Q3a solution","tests":[],"additionalFiles":[],"py":"c14.py","guide":"c14.md","isExample":false,"isAssessment":false,"typ":"py"},{"id":"4d270d54-027a-4653-8d89-5dd1b51f0b11","name":"Q3b","tests":[],"additionalFiles":[],"py":"c03.py","guide":"c03.md","isExample":true,"isAssessment":false,"typ":"py"},{"id":"fe9a159b-2522-48eb-814c-cb55b9a637ce","name":"Q3b solution","tests":[],"additionalFiles":[],"py":"c09.py","guide":"c09.md","isExample":true,"isAssessment":false,"typ":"py"},{"id":"d9589936-d6aa-4019-bc23-002d16e226fc","name":"Q4","tests":[],"additionalFiles":[{"filename":"Cities.txt","visible":true}],"py":"c04.py","guide":"c04.md","isExample":true,"isAssessment":false,"typ":"py"},{"id":"beb107e0-7e80-4603-8157-9487be46da31","name":"Q4 solution","tests":[],"additionalFiles":[{"filename":"Cities.txt","visible":true}],"py":"c10.py","guide":"c10.md","isExample":true,"isAssessment":false,"typ":"py"},{"id":"2ef33716-9ee4-4def-8f09-cdf97415e7c1","name":"Q5","tests":[],"additionalFiles":[{"filename":"passwords.txt","visible":true}],"py":"c05.py","guide":"c05.md","isExample":true,"isAssessment":false,"typ":"py"},{"id":"66371b7d-8093-401f-a6a6-255f714cb18f","name":"Q5 solution","tests":[],"additionalFiles":[{"filename":"passwords.txt","visible":true}],"py":"c11.py","guide":"c11.md","isExample":false,"isAssessment":false,"typ":"py"},{"id":"96857773-78df-4efc-be8a-5534576c88c3","name":"Q6","tests":[],"additionalFiles":[],"py":"c06.py","guide":"c06.md","isExample":false,"isAssessment":false,"typ":"py"},{"id":"4c0156c5-ef76-4579-a22f-41c8237c77e5","name":"Q6 solution","tests":[],"additionalFiles":[],"py":"c12.py","guide":"c12.md","isExample":false,"isAssessment":false,"typ":"py"}]}