{"name":"EdExcel IGCSE 2022","id":"43a792f0-39d1-434c-aade-04ab616283f4","children":[{"id":"e1dbecd3-5b06-428c-9628-6d03d742760d","name":"Q1","guide":"c01.md","py":"c01.py","isExample":true,"tests":[],"isAssessment":false,"typ":"py","additionalFiles":[]},{"id":"7f0c7463-1aae-4bfb-b6ea-0c278120d9fe","name":"Q1 solution","tests":[],"additionalFiles":[],"py":"c07.py","guide":"c07.md","isExample":true,"isAssessment":false,"typ":"py"},{"id":"b808a9e8-2d48-4d63-b008-c08ca1217ed5","name":"Q2","tests":[],"additionalFiles":[],"py":"c02.py","guide":"c02.md","isExample":true,"isAssessment":false,"typ":"py"},{"id":"76d01cc9-a9f1-4696-b0e5-5c96543baa9c","name":"Q2 solution","tests":[],"additionalFiles":[],"py":"c08.py","guide":"c08.md","isExample":true,"isAssessment":false,"typ":"py"},{"id":"bf28fe42-9921-401b-8769-139387175e89","name":"Q3","tests":[],"additionalFiles":[],"py":"c03.py","guide":"c03.md","isExample":true,"isAssessment":false,"typ":"py"},{"id":"73ab83bd-0b60-4298-b859-7b828675672f","name":"Q3 solution","tests":[],"additionalFiles":[],"py":"c09.py","guide":"c09.md","isExample":true,"isAssessment":false,"typ":"py"},{"id":"8dad6619-7964-4f21-8376-cc255aae5ed2","name":"Q4","tests":[],"additionalFiles":[],"py":"c04.py","guide":"c04.md","isExample":true,"isAssessment":false,"typ":"py"},{"id":"28fdfa0a-ea00-4b34-884c-0faba23af40e","name":"Q4 solution","tests":[],"additionalFiles":[],"py":"c10.py","guide":"c10.md","isExample":true,"isAssessment":false,"typ":"py"},{"id":"027aebfa-e3cc-41a1-8fb8-fa53f71c6d70","name":"Q5","tests":[],"additionalFiles":[{"filename":"passwords.txt","visible":true}],"py":"c05.py","guide":"c05.md","isExample":true,"isAssessment":false,"typ":"py"},{"id":"4df9f082-f149-46b4-a44e-a9f05f2569b3","name":"Q5 solution","tests":[],"additionalFiles":[{"filename":"passwords.txt","visible":true}],"py":"c11.py","guide":"c11.md","isExample":false,"isAssessment":false,"typ":"py"},{"id":"ba5fbf05-3060-43ff-910d-0ec38cba26fb","name":"Q6","tests":[],"additionalFiles":[],"py":"c06.py","guide":"c06.md","isExample":false,"isAssessment":false,"typ":"py"},{"id":"597fc277-f135-48a4-bbfb-f62325d8e5e9","name":"Q6 solution","tests":[],"additionalFiles":[],"py":"c12.py","guide":"c12.md","isExample":false,"isAssessment":false,"typ":"py"}]}