{"name":"IGCSE 2024 Paper 2","id":"e98c6746-c06b-4a9a-9189-419b15976190","children":[{"id":"221bd9eb-e1ad-413c-8800-019f75631964","name":"Q1b","guide":"c01.md","py":"c01.py","isExample":true,"tests":[],"typ":"py","additionalFiles":[]},{"id":"6331c990-018f-4763-8937-bf80cd764cd8","name":"Q1b Solution","tests":[],"additionalFiles":[],"py":"c02.py","guide":"c02.md","typ":"py","isExample":true},{"id":"b24986e2-8f38-440b-93ff-f943345a480c","name":"Q2","tests":[],"additionalFiles":[],"py":"c03.py","guide":"c03.md","typ":"py","isExample":true},{"id":"8a9f7043-a4e8-40e4-9578-aca72a8fcd8c","name":"Q1c Solution","tests":[],"additionalFiles":[],"py":"c04.py","guide":"c04.md","typ":"py","isExample":true},{"id":"d017e2ec-dc2a-4f07-aedf-8c3dac471a1e","name":"Q2c","tests":[],"additionalFiles":[],"py":"c05.py","guide":"c05.md","typ":"py","isExample":true},{"id":"80c35963-7f66-472a-a64b-ea7f09ad72ab","name":"Q2c Solution","tests":[],"additionalFiles":[],"py":"c07.py","guide":"c07.md","typ":"py"},{"id":"4de1dbc1-71f6-40de-a854-60d899c49928","name":"Q3b","tests":[],"additionalFiles":[],"py":"c08.py","guide":"c08.md","typ":"py"},{"id":"3363ddfa-fedd-4c4d-8e4d-abc98dd0b99c","name":"Q3b Solution","tests":[],"additionalFiles":[],"py":"c09.py","guide":"c09.md","typ":"py"},{"id":"c2f6e95f-3a33-40cc-b484-c84c51c8c3d5","name":"Q3c","tests":[],"additionalFiles":[],"py":"c10.py","guide":"c10.md","typ":"py","isExample":true},{"id":"b5ef325e-9a93-40f5-a80f-2ddcf8ce196c","name":"Q3c Solution","tests":[],"additionalFiles":[],"py":"c11.py","guide":"c11.md","typ":"py","isExample":true},{"id":"2eea125a-7bcf-411f-aff2-d2bee95fad9c","name":"Q4c","tests":[],"additionalFiles":[],"py":"c12.py","guide":"c12.md","typ":"py","isExample":true},{"id":"46db0f13-ae6a-4db1-9ea2-28118ae1621d","name":"Q4c Solution","tests":[],"additionalFiles":[],"py":"c13.py","guide":"c13.md","typ":"py","isExample":true},{"id":"c3083d1f-e594-4f00-ab1b-633902a84c7f","name":"Q5c","tests":[],"additionalFiles":[{"filename":"Sales.txt","visible":true}],"py":"c14.py","guide":"c14.md","typ":"py","isExample":true},{"id":"d7c02213-9d1e-4b9d-bc16-2bd45d696d9e","name":"Q5c Solution","tests":[],"additionalFiles":[{"filename":"Sales.txt","visible":true}],"py":"c15.py","guide":"c15.md","typ":"py","isExample":true},{"id":"e4970fc9-baf4-496c-848b-6a167f4007f1","name":"Q6","tests":[],"additionalFiles":[],"py":"c16.py","guide":"c16.md","typ":"py","isExample":true},{"id":"d7b33c4e-f9db-4f7c-a08d-049a12127bf3","name":"Q6c Solution","tests":[],"additionalFiles":[],"py":"c17.py","guide":"c17.md","typ":"py","isExample":true}]}